<?xml version="1.0" encoding="UTF-8"?>
<addon id="plugin.video.kodex" version="1.1.39" name="Kodex" provider-name="nat80">
    <requires>
        <import addon="xbmc.python" version="3.0.1"/>
        <import addon="script.module.requests" version="2.31.0" />
        <import addon="skin.arctic.fuse.2" version="2.12.6" />
        <import addon="resource.images.studios.coloured" version="1.0.0011" />
        <import addon="service.upnext" version="2.0.30.nat80.0"/>
        <import addon="plugin.program.autocompletion" version="2.1.2" />
        <import addon="plugin.video.youtube" version="99.2.26" />
        <import addon="slyguy.trailers" version="0.0.36" />
        <import addon="weather.openmeteo" version="1.0.14" />
        <!-- <import addon="script.module.pydevd" version="2.5.0"/> -->
    </requires>
    <extension point="xbmc.python.pluginsource" library="main.py">
        <provides>video</provides>
    </extension>
    <extension point="xbmc.addon.metadata">
        <summary lang="en_GB">Kodex</summary>
        <description lang="en_GB">Addon powered by Kodex API designed to work with TMDB Helper as the player</description>
        <platform>all</platform>
        <assets>
            <icon>icon.jpg</icon>
            <fanart>fanart.jpg</fanart>
        </assets>
    </extension>
</addon>
