{
  "name": "Kodex",
  "plugin": "plugin.video.kodex",
  "language": "fr",
  "priority": 100,
  "is_resolvable": "true",
  "make_playlist": "true",
  "search_movie": [
    "plugin://plugin.video.kodex/?action=get_streams&tmdb_type=movie&tmdb_id={id}&title={title}&year={year}&poster={poster}",
    {"dialog": "true", "strict": "true", "year": "{year}"}
  ],
  "play_movie": [
    "plugin://plugin.video.kodex/?action=get_streams&tmdb_type=movie&tmdb_id={id}&title={title}&year={year}&poster={poster}",
    {}
  ],
  "search_episode": [
    "plugin://plugin.video.kodex/?action=get_streams&tmdb_type=tv&tmdb_id={tmdb}&name={name}&season={season}&episode={episode}&poster={poster}&thumbnail={thumbnail}",
    {"dialog": "true", "strict": "true", "year": "{year}"}
  ],
  "play_episode": [
    "plugin://plugin.video.kodex/?action=get_streams&tmdb_type=tv&tmdb_id={tmdb}&name={name}&season={season}&episode={episode}&poster={poster}&thumbnail={thumbnail}",
    {}
  ]
}