<?xml version="1.0" encoding="UTF-8"?>
<addon id="plugin.video.kodex" version="1.1.9" name="Kodex" provider-name="nat80">
    <requires>
        <import addon="xbmc.python" version="3.0.1"/>
        <import addon="script.module.requests" version="2.31.0" />
        <import addon="inputstream.ffmpegdirect" version="20.5.0" />
        <import addon="plugin.video.themoviedb.helper" version="6.10.8" />
        <!-- <import addon="xbmc.metadata" version="2.1.0"/> -->
        <!-- <import addon="script.module.pydevd" version="2.5.0"/> -->
    </requires>
    <extension point="xbmc.python.pluginsource" library="main.py">
        <provides>video</provides>
    </extension>
    <extension point="xbmc.addon.metadata">
        <summary lang="en_GB">Kodex</summary>
        <description lang="en_GB">Addon powered by Kodex API designed to work with TMDB Helper as the player</description>
        <platform>all</platform>
        <assets>
            <icon>icon.png</icon>
            <fanart>icon.png</fanart>
        </assets>
    </extension>
</addon>
